team_code,projected_games,notes
OKC,20,NBA Finals
BOS,22,NBA Finals
SAS,16,Possible WCF
DEN,16,Possible WCF
NYK,16,Possible ECF
DET,15,Possible ECF
CLE,11,?
MIN,10,R1 win if against Lakers
PHO,6,Play-in win + R1
LAC,6,Play-in + R1
HOU,5,R1 loss if against Nuggets
LAL,5,R1 loss to Timbewolves
ATL,5,?
TOR,5,?
ORL,6,?
CHO,1,?
PHI,5,?
MIA,1,Play-in exit
POR,1,Play-in exit
GSW,1,Play-in exit
